Forms for Mailchimp by Optin Cat – Grow Your MailChimp List,https://wordpress.org/plugins/mailchimp-wp/,76
Advanced Posts Blocks,https://wordpress.org/plugins/advanced-posts-blocks/,7
Advanced Sidebar Menu,https://wordpress.org/plugins/advanced-sidebar-menu/,33
"Slider Responsive Slideshow – Image slider, Gallery slideshow",https://wordpress.org/plugins/slider-responsive-slideshow/,9
Classic Editor,https://wordpress.org/plugins/classic-editor/,1084
Akismet Spam Protection,https://wordpress.org/plugins/akismet/,950
"Jetpack – WP Security, Backup, Speed, & Growth",https://wordpress.org/plugins/jetpack/,1795
Classic Widgets,https://wordpress.org/plugins/classic-widgets/,222
Gutenberg,https://wordpress.org/plugins/gutenberg/,3583
Performance Lab,https://wordpress.org/plugins/performance-lab/,13
Plugin Dependencies,https://wordpress.org/plugins/wp-plugin-dependencies/,2
Two-Factor,https://wordpress.org/plugins/two-factor/,152
Contact Form 7,https://wordpress.org/plugins/contact-form-7/,1970
Yoast SEO,https://wordpress.org/plugins/wordpress-seo/,27504
Elementor Website Builder,https://wordpress.org/plugins/elementor/,6295
Classic Editor,https://wordpress.org/plugins/classic-editor/,1084
