Yoast SEO,https://wordpress.org/plugins/wordpress-seo/,"27,504 total ratings"
Contact Form by WPForms – Drag & Drop Form Builder for WordPress,https://wordpress.org/plugins/wpforms-lite/,"11,937 total ratings"
"Jetpack – WP Security, Backup, Speed, & Growth",https://wordpress.org/plugins/jetpack/,"1,795 total ratings"
Advanced Editor Tools (previously TinyMCE Advanced),https://wordpress.org/plugins/tinymce-advanced/,328 total ratings
MC4WP: Mailchimp for WordPress,https://wordpress.org/plugins/mailchimp-for-wp/,"1,412 total ratings"
"Smush – Lazy Load Images, Optimize & Compress Images",https://wordpress.org/plugins/wp-smushit/,"5,866 total ratings"
Rank Math SEO – Best SEO Plugin For WordPress To Increase Your SEO Traffic,https://wordpress.org/plugins/seo-by-rank-math/,"4,853 total ratings"
Smash Balloon Social Photo Feed,https://wordpress.org/plugins/instagram-feed/,"3,845 total ratings"
Gutenberg Template and Pattern Library & Redux Framework,https://wordpress.org/plugins/redux-framework/,257 total ratings
Ninja Forms Contact Form – The Drag and Drop Form Builder for WordPress,https://wordpress.org/plugins/ninja-forms/,"1,150 total ratings"
Smart Slider 3,https://wordpress.org/plugins/smart-slider-3/,"1,014 total ratings"
The Events Calendar,https://wordpress.org/plugins/the-events-calendar/,"1,946 total ratings"
WordPress Shortcodes Plugin — Shortcodes Ultimate,https://wordpress.org/plugins/shortcodes-ultimate/,"5,753 total ratings"
"Slider, Gallery, and Carousel by MetaSlider – Responsive WordPress Plugin",https://wordpress.org/plugins/ml-slider/,655 total ratings
WordPress Gallery Plugin – NextGEN Gallery,https://wordpress.org/plugins/nextgen-gallery/,"4,013 total ratings"
MailPoet – emails and newsletters in WordPress,https://wordpress.org/plugins/mailpoet/,"1,133 total ratings"
AMP,https://wordpress.org/plugins/amp/,335 total ratings
Page Builder Gutenberg Blocks – CoBlocks,https://wordpress.org/plugins/coblocks/,91 total ratings
Complianz – GDPR/CCPA Cookie Consent,https://wordpress.org/plugins/complianz-gdpr/,854 total ratings
Spectra – WordPress Gutenberg Blocks,https://wordpress.org/plugins/ultimate-addons-for-gutenberg/,868 total ratings
"Formidable Forms – Contact Form, Survey, Quiz, Calculator & Custom Form Builder",https://wordpress.org/plugins/formidable/,878 total ratings
Orbit Fox by ThemeIsle,https://wordpress.org/plugins/themeisle-companion/,304 total ratings
"Forminator – Contact Form, Payment Form & Custom Form Builder",https://wordpress.org/plugins/forminator/,"1,054 total ratings"
Photo Gallery by 10Web – Mobile-Friendly Image Gallery,https://wordpress.org/plugins/photo-gallery/,"1,466 total ratings"
"Popup Builder – Create highly converting, mobile friendly marketing popups.",https://wordpress.org/plugins/popup-builder/,"2,025 total ratings"
Gutenberg Blocks by Kadence Blocks – Page Builder Features,https://wordpress.org/plugins/kadence-blocks/,127 total ratings
"HubSpot – CRM, Email Marketing, Live Chat, Forms & Analytics",https://wordpress.org/plugins/leadin/,182 total ratings
"SEOPress, on-site SEO",https://wordpress.org/plugins/wp-seopress/,838 total ratings
"Embed Plus Plugin for YouTube, with YouTube Gallery, Channel, Playlist, Live Stream, Facade",https://wordpress.org/plugins/youtube-embed-plus/,541 total ratings
Best WordPress Gallery Plugin – FooGallery,https://wordpress.org/plugins/foogallery/,796 total ratings
Fonts Plugin | Google Fonts Typography,https://wordpress.org/plugins/olympus-google-fonts/,916 total ratings
Smash Balloon Social Post Feed,https://wordpress.org/plugins/custom-facebook-feed/,"1,419 total ratings"
WooCommerce Blocks,https://wordpress.org/plugins/woo-gutenberg-products-block/,82 total ratings
Gallery Plugin for WordPress – Envira Photo Gallery,https://wordpress.org/plugins/envira-gallery-lite/,"1,470 total ratings"
Otter – Page Builder Blocks & Extensions for Gutenberg,https://wordpress.org/plugins/otter-blocks/,112 total ratings
Layout Grid Block,https://wordpress.org/plugins/layout-grid/,8 total ratings
Social Icons Widget & Block by WPZOOM,https://wordpress.org/plugins/social-icons-widget-by-wpzoom/,137 total ratings
Custom Twitter Feeds (Tweets Widget),https://wordpress.org/plugins/custom-twitter-feeds/,364 total ratings
GiveWP – Donation Plugin and Fundraising Platform,https://wordpress.org/plugins/give/,541 total ratings
"Hustle – Email Marketing, Lead Generation, Optins, Popups",https://wordpress.org/plugins/wordpress-popup/,802 total ratings
Pods – Custom Content Types and Fields,https://wordpress.org/plugins/pods/,373 total ratings
Duplicate Post,https://wordpress.org/plugins/copy-delete-posts/,377 total ratings
Easy Forms for Mailchimp,https://wordpress.org/plugins/yikes-inc-easy-mailchimp-extender/,430 total ratings
"Paid Memberships Pro – Restrict Member Access to Content, Courses, Communities – Free or Paid Subscriptions",https://wordpress.org/plugins/paid-memberships-pro/,542 total ratings
LuckyWP Table of Contents,https://wordpress.org/plugins/luckywp-table-of-contents/,714 total ratings
Form Maker by 10Web – Mobile-Friendly Drag & Drop Contact Form Builder,https://wordpress.org/plugins/form-maker/,762 total ratings
Web Stories,https://wordpress.org/plugins/web-stories/,58 total ratings
User Profile Picture,https://wordpress.org/plugins/metronet-profile-picture/,55 total ratings
Slider by Soliloquy – Responsive Image Slider for WordPress,https://wordpress.org/plugins/soliloquy-lite/,989 total ratings
Booking Calendar,https://wordpress.org/plugins/booking/,507 total ratings
"EmbedPress – Embed Google Docs, YouTube, Maps, Vimeo, Wistia Videos & Upload PDF, PPT in Gutenberg & Elementor",https://wordpress.org/plugins/embedpress/,120 total ratings
Genesis Blocks,https://wordpress.org/plugins/genesis-blocks/,14 total ratings
Calculated Fields Form,https://wordpress.org/plugins/calculated-fields-form/,813 total ratings
Gutentor – Gutenberg Blocks – Page Builder for Gutenberg Editor,https://wordpress.org/plugins/gutentor/,82 total ratings
WP Recipe Maker,https://wordpress.org/plugins/wp-recipe-maker/,258 total ratings
Getwid – Gutenberg Blocks,https://wordpress.org/plugins/getwid/,97 total ratings
RSS Aggregator by Feedzy – Powerful WP Autoblogging and News Aggregator,https://wordpress.org/plugins/feedzy-rss-feeds/,299 total ratings
Event Tickets and Registration,https://wordpress.org/plugins/event-tickets/,118 total ratings
"Photo Gallery, Images, Slider in Rbs Image Gallery",https://wordpress.org/plugins/robo-gallery/,377 total ratings
10WebSocial,https://wordpress.org/plugins/wd-instagram-feed/,347 total ratings
"Advanced Responsive Video Embedder (Rumble, YouTube, Vimeo, HTML5 Video …)",https://wordpress.org/plugins/advanced-responsive-video-embedder/,162 total ratings
Site Reviews,https://wordpress.org/plugins/site-reviews/,235 total ratings
"Feeds for YouTube (YouTube video, channel, and gallery plugin)",https://wordpress.org/plugins/feeds-for-youtube/,117 total ratings
Contact Form to Manage and respond to conversations with customers — Happyforms,https://wordpress.org/plugins/happyforms/,416 total ratings
Visualizer: Tables and Charts Manager for WordPress,https://wordpress.org/plugins/visualizer/,214 total ratings
Ultimate Blocks – Gutenberg Blocks Plugin,https://wordpress.org/plugins/ultimate-blocks/,477 total ratings
Accept Stripe Payments,https://wordpress.org/plugins/stripe-payments/,81 total ratings
Sliderby10Web,https://wordpress.org/plugins/slider-wd/,284 total ratings
Timetable and Event Schedule by MotoPress,https://wordpress.org/plugins/mp-timetable/,57 total ratings
Constant Contact Forms,https://wordpress.org/plugins/constant-contact-forms/,77 total ratings
Uncanny Toolkit for LearnDash,https://wordpress.org/plugins/uncanny-learndash-toolkit/,95 total ratings
Atomic Blocks – Gutenberg Blocks Collection,https://wordpress.org/plugins/atomic-blocks/,42 total ratings
Gutenberg Blocks – PublishPress Blocks Gutenberg Editor Plugin,https://wordpress.org/plugins/advanced-gutenberg/,170 total ratings
Image Photo Gallery Final Tiles Grid,https://wordpress.org/plugins/final-tiles-grid-gallery-lite/,332 total ratings
Ecwid Ecommerce Shopping Cart,https://wordpress.org/plugins/ecwid-shopping-cart/,215 total ratings
SyntaxHighlighter Evolved,https://wordpress.org/plugins/syntaxhighlighter/,81 total ratings
"WP User Frontend – Membership, Profile, Registration & Post Submission Plugin for WordPress",https://wordpress.org/plugins/wp-user-frontend/,442 total ratings
Appointment Hour Booking – WordPress Booking Plugin,https://wordpress.org/plugins/appointment-hour-booking/,424 total ratings
Portfolio Gallery – Image Gallery Plugin,https://wordpress.org/plugins/portfolio-filter-gallery/,268 total ratings
10WebSocial,https://wordpress.org/plugins/wd-facebook-feed/,212 total ratings
WP Meta SEO,https://wordpress.org/plugins/wp-meta-seo/,89 total ratings
Advanced Sidebar Menu,https://wordpress.org/plugins/advanced-sidebar-menu/,33 total ratings
Yasr – Yet Another Stars Rating,https://wordpress.org/plugins/yet-another-stars-rating/,298 total ratings
PostX – Gutenberg Post Grid Blocks,https://wordpress.org/plugins/ultimate-post/,124 total ratings
Cool Timeline (Horizontal & Vertical Timeline),https://wordpress.org/plugins/cool-timeline/,263 total ratings
All-in-One Video Gallery,https://wordpress.org/plugins/all-in-one-video-gallery/,87 total ratings
Pricing Tables WordPress Plugin – Easy Pricing Tables,https://wordpress.org/plugins/easy-pricing-tables/,128 total ratings
Map Block for Google Maps,https://wordpress.org/plugins/map-block-gutenberg/,14 total ratings
"Gallery Blocks with Lightbox. Image Gallery, (HTML5 video , YouTube, Vimeo) Video Gallery and Lightbox for native gallery",https://wordpress.org/plugins/simply-gallery-block/,84 total ratings
Page View Count,https://wordpress.org/plugins/page-views-count/,50 total ratings
Contact Form by WD – responsive drag & drop contact form builder tool,https://wordpress.org/plugins/contact-form-maker/,156 total ratings
Five Star Restaurant Reservations – WordPress Booking Plugin,https://wordpress.org/plugins/restaurant-reservations/,148 total ratings
"Photonic Gallery & Lightbox for Flickr, SmugMug, Google Photos & Others",https://wordpress.org/plugins/photonic/,167 total ratings
Qubely – Advanced Gutenberg Blocks,https://wordpress.org/plugins/qubely/,57 total ratings
Contact Form Email,https://wordpress.org/plugins/contact-form-to-email/,101 total ratings
"Toolkit for Block Theme (Gutenberg Blocks, Templates, Patterns, Google Fonts) – Twentig",https://wordpress.org/plugins/twentig/,130 total ratings
Timeline Express,https://wordpress.org/plugins/timeline-express/,161 total ratings
Quiz Maker,https://wordpress.org/plugins/quiz-maker/,294 total ratings
Embed PDF Viewer,https://wordpress.org/plugins/embed-pdf-viewer/,13 total ratings
UsersWP – User Registration & User Profile,https://wordpress.org/plugins/userswp/,122 total ratings
Better Click To Tweet,https://wordpress.org/plugins/better-click-to-tweet/,46 total ratings
GamiPress – The most flexible and powerful gamification plugin for WordPress,https://wordpress.org/plugins/gamipress/,325 total ratings
Business Directory Plugin | GeoDirectory,https://wordpress.org/plugins/geodirectory/,516 total ratings
Snow Monkey Editor,https://wordpress.org/plugins/snow-monkey-editor/,4 total ratings
WordPress Slider Block Gutenslider,https://wordpress.org/plugins/gutenslider/,47 total ratings
LIQUID SPEECH BALLOON,https://wordpress.org/plugins/liquid-speech-balloon/,5 total ratings
Events Shortcodes For The Events Calendar,https://wordpress.org/plugins/template-events-calendar/,154 total ratings
Countdown Timer – Widget Countdown,https://wordpress.org/plugins/widget-countdown/,55 total ratings
"Portfolio Gallery, Product Catalog – Grid KIT Portfolio",https://wordpress.org/plugins/portfolio-wp/,291 total ratings
"Countdown, Coming Soon, Maintenance – Countdown & Clock",https://wordpress.org/plugins/countdown-builder/,144 total ratings
WP VR – 360 Panorama and Virtual Tour Builder For WordPress,https://wordpress.org/plugins/wpvr/,60 total ratings
Highlighting Code Block,https://wordpress.org/plugins/highlighting-code-block/,11 total ratings
Elementor Blocks for Gutenberg,https://wordpress.org/plugins/block-builder/,13 total ratings
Five Star Business Profile and Schema,https://wordpress.org/plugins/business-profile/,50 total ratings
Hotel Booking Lite,https://wordpress.org/plugins/motopress-hotel-booking-lite/,41 total ratings
eCommerce Product Catalog Plugin for WordPress,https://wordpress.org/plugins/ecommerce-product-catalog/,230 total ratings
Opt-Out for Google Analytics,https://wordpress.org/plugins/google-analytics-opt-out/,15 total ratings
WP User Manager – User Profile Builder & Membership,https://wordpress.org/plugins/wp-user-manager/,310 total ratings
Visual Link Preview,https://wordpress.org/plugins/visual-link-preview/,21 total ratings
WPZOOM Portfolio,https://wordpress.org/plugins/wpzoom-portfolio/,0 total ratings
Directorist – WordPress Business Directory Plugin with Classified Ads Listings,https://wordpress.org/plugins/directorist/,307 total ratings
Bootstrap Blocks,https://wordpress.org/plugins/wp-bootstrap-blocks/,27 total ratings
WP Map Block – Gutenberg Map Block for Google Map and OpenStreet Map,https://wordpress.org/plugins/wp-map-block/,12 total ratings
Connections Business Directory,https://wordpress.org/plugins/connections/,406 total ratings
Recipe Card Blocks for Gutenberg & Elementor,https://wordpress.org/plugins/recipe-card-blocks-by-wpzoom/,14 total ratings
Podcast Player – Your Podcasting Companion,https://wordpress.org/plugins/podcast-player/,68 total ratings
Auto Amazon Links – Amazon Associates Affiliate Plugin,https://wordpress.org/plugins/amazon-auto-links/,57 total ratings
Reusable Blocks Extended,https://wordpress.org/plugins/reusable-blocks-extended/,30 total ratings
Gutenberg Blocks Collection – qodeblock,https://wordpress.org/plugins/qodeblock/,0 total ratings
Accordion & FAQ – Helpie WordPress Accordion FAQ plugin,https://wordpress.org/plugins/helpie-faq/,72 total ratings
Five Star Restaurant Menu – WordPress Food Ordering Plugin,https://wordpress.org/plugins/food-and-drink-menu/,92 total ratings
"HivePress – Multipurpose Directory, Listing & Classifieds WordPress Plugin",https://wordpress.org/plugins/hivepress/,145 total ratings
Author Avatars List/Block,https://wordpress.org/plugins/author-avatars/,29 total ratings
JSON Content Importer,https://wordpress.org/plugins/json-content-importer/,64 total ratings
Essential Blocks for Gutenberg,https://wordpress.org/plugins/essential-blocks/,14 total ratings
Algori PDF Viewer,https://wordpress.org/plugins/algori-pdf-viewer/,7 total ratings
WP Tabs – Responsive Tabs Plugin for WordPress,https://wordpress.org/plugins/wp-expand-tabs-free/,70 total ratings
Google Maps CP,https://wordpress.org/plugins/codepeople-post-map/,32 total ratings
Create by Mediavine,https://wordpress.org/plugins/mediavine-create/,15 total ratings
Carousel Slider Block for Gutenberg,https://wordpress.org/plugins/carousel-block/,18 total ratings
"ProfileGrid – User Profiles, Memberships, Groups and Communities",https://wordpress.org/plugins/profilegrid-user-profiles-groups-and-communities/,168 total ratings
Blog Filter – Post Filters Post Portfolio Gallery,https://wordpress.org/plugins/blog-filter/,51 total ratings
Meow Gallery (+ Gallery Block),https://wordpress.org/plugins/meow-gallery/,124 total ratings
iPanorama 360  WordPress Virtual Tour Builder,https://wordpress.org/plugins/ipanorama-360-virtual-tour-builder-lite/,19 total ratings
Powerful Gutenberg Blocks and Templates – Ghost Kit,https://wordpress.org/plugins/ghostkit/,31 total ratings
GutenBee – Gutenberg Blocks,https://wordpress.org/plugins/gutenbee/,14 total ratings
Product Blocks for WooCommerce,https://wordpress.org/plugins/product-blocks-for-woocommerce/,3 total ratings
Drop Shadow Boxes,https://wordpress.org/plugins/drop-shadow-boxes/,76 total ratings
Simple Iframe,https://wordpress.org/plugins/simple-iframe/,14 total ratings
Shopping Cart & eCommerce Store,https://wordpress.org/plugins/wp-easycart/,178 total ratings
Multisite Language Switcher,https://wordpress.org/plugins/multisite-language-switcher/,86 total ratings
Social Media Icons – Social Icons Widget,https://wordpress.org/plugins/new-social-media-widget/,18 total ratings
Forms for Mailchimp by Optin Cat – Grow Your MailChimp List,https://wordpress.org/plugins/mailchimp-wp/,76 total ratings
Superb Gutenberg Blocks,https://wordpress.org/plugins/superb-blocks/,1 total ratings
"YouTube Embed, Playlist and Popup by WpDevArt",https://wordpress.org/plugins/youtube-video-player/,38 total ratings
If-So Dynamic Content Personalization,https://wordpress.org/plugins/if-so/,60 total ratings
Browser Screenshots,https://wordpress.org/plugins/browser-shots/,18 total ratings
Image Gallery – Lightbox Gallery Responsive Gallery Masonry Gallery,https://wordpress.org/plugins/new-image-gallery/,31 total ratings
Unsplash,https://wordpress.org/plugins/unsplash/,26 total ratings
Easy Image Collage,https://wordpress.org/plugins/easy-image-collage/,21 total ratings
Image Hover Effects Block,https://wordpress.org/plugins/image-hover-effects-block/,5 total ratings
Quiz Cat – WordPress Quiz Plugin,https://wordpress.org/plugins/quiz-cat/,31 total ratings
Automatic YouTube Gallery,https://wordpress.org/plugins/automatic-youtube-gallery/,13 total ratings
"Pricing Table – Price list, Price Table, Easy Pricing Table",https://wordpress.org/plugins/abc-pricing-table/,21 total ratings
"Print My Blog – Print, PDF, & eBook Converter WordPress Plugin",https://wordpress.org/plugins/print-my-blog/,81 total ratings
Simple Newsletter Plugin – Noptin,https://wordpress.org/plugins/newsletter-optin-box/,40 total ratings
CP Media Player – Audio Player and Video Player,https://wordpress.org/plugins/audio-and-video-player/,40 total ratings
"Payment forms, Buy now buttons and Invoicing System | GetPaid",https://wordpress.org/plugins/invoicing/,30 total ratings
"Contact Form Builder, Contact Widget",https://wordpress.org/plugins/contact-forms-builder/,21 total ratings
"Contact Form – Custom Builder, Payment Form, and More",https://wordpress.org/plugins/powr-pack/,54 total ratings
Album Gallery – WordPress Gallery,https://wordpress.org/plugins/new-album-gallery/,15 total ratings
Organic Profile Block,https://wordpress.org/plugins/organic-profile-block/,4 total ratings
"Slider Hero with Animation, Video Background",https://wordpress.org/plugins/slider-hero/,30 total ratings
YITH Slider for page builders,https://wordpress.org/plugins/yith-slider-for-page-builders/,2 total ratings
WordPress Tag Cloud Plugin – Tag Groups,https://wordpress.org/plugins/tag-groups/,47 total ratings
Algori 360 Image,https://wordpress.org/plugins/360-image/,5 total ratings
Algori Video and Image Slider,https://wordpress.org/plugins/algori-image-video-slider/,2 total ratings
WP Fusion Lite – Marketing Automation for WordPress,https://wordpress.org/plugins/wp-fusion-lite/,50 total ratings
Modal Popup Box – Popup Builder,https://wordpress.org/plugins/modal-popup-box/,10 total ratings
Caxton – Create Pro page layouts in Gutenberg,https://wordpress.org/plugins/caxton/,17 total ratings
Poll Maker – Best WordPress Poll Plugin,https://wordpress.org/plugins/poll-maker/,52 total ratings
WordPress Email Marketing Plugin – WP Email Capture,https://wordpress.org/plugins/wp-email-capture/,18 total ratings
Slider – Image Video Link Carousal Slideshow,https://wordpress.org/plugins/media-slider/,14 total ratings
Appointment Booking Calendar,https://wordpress.org/plugins/appointment-booking-calendar/,87 total ratings
Heroic Glossary,https://wordpress.org/plugins/heroic-glossary/,5 total ratings
Custom Related Posts,https://wordpress.org/plugins/custom-related-posts/,36 total ratings
Grids: Layout builder for WordPress,https://wordpress.org/plugins/grids/,16 total ratings
CodeMirror Blocks,https://wordpress.org/plugins/wp-codemirror-block/,37 total ratings
"Slider Responsive Slideshow – Image slider, Gallery slideshow",https://wordpress.org/plugins/slider-responsive-slideshow/,9 total ratings
KaTeX,https://wordpress.org/plugins/katex/,12 total ratings
Simple Payment Donations & Subscriptions Plugin by Paymattic – Best Payments Plugin for WP,https://wordpress.org/plugins/wp-payment-form/,21 total ratings
Premium Blocks for Gutenberg,https://wordpress.org/plugins/premium-blocks-for-gutenberg/,33 total ratings
Gutenberg Block for WooCommerce Product Table,https://wordpress.org/plugins/block-for-woo-product-table/,3 total ratings
"WordPress CRM, Email & Marketing Automation for WordPress | Award Winner — Groundhogg",https://wordpress.org/plugins/groundhogg/,111 total ratings
Sticky Block for Gutenberg Editor,https://wordpress.org/plugins/sticky-block/,7 total ratings
CP Contact Form with PayPal,https://wordpress.org/plugins/cp-contact-form-with-paypal/,60 total ratings
Animated Live Wall – Social Feed – Gallery,https://wordpress.org/plugins/animated-live-wall/,10 total ratings
Di Blocks – Awesome WordPress Blocks for Gutenberg Editor,https://wordpress.org/plugins/di-blocks/,1 total ratings
Content Slider Block – Display slider in a beautiful way.,https://wordpress.org/plugins/content-slider-block/,4 total ratings
WS Form LITE – Drag & Drop Contact Form Builder for WordPress,https://wordpress.org/plugins/ws-form/,123 total ratings
"Video Gallery – YouTube and Vimeo, Link Gallery",https://wordpress.org/plugins/new-video-gallery/,6 total ratings
Zedity – The Layout-Free Content Editor,https://wordpress.org/plugins/zedity/,102 total ratings
Countdown Block,https://wordpress.org/plugins/countdown-block/,5 total ratings
Survey Maker – Best WordPress Survey Plugin,https://wordpress.org/plugins/survey-maker/,24 total ratings
Gosign – Contact Person Box Block,https://wordpress.org/plugins/gosign-contact-person-box-block/,0 total ratings
Gosign – Background Container Block,https://wordpress.org/plugins/gosign-background-container/,5 total ratings
WP Smart Editor,https://wordpress.org/plugins/wp-smart-editor/,14 total ratings
Gosign – Text with Image Block,https://wordpress.org/plugins/gosign-text-with-image-block/,1 total ratings
"MihanPanel – User Login , Registration and Dashboard",https://wordpress.org/plugins/mihanpanel-lite/,10 total ratings
Music Player for WooCommerce,https://wordpress.org/plugins/music-player-for-woocommerce/,46 total ratings
Elegant Blocks – Amazing Gutenberg Blocks,https://wordpress.org/plugins/elegant-blocks/,0 total ratings
Booking Calendar – Appointment booking for WordPress,https://wordpress.org/plugins/calendar-booking/,14 total ratings
"Testimonial – Customer Feedback, client testimonial, Review",https://wordpress.org/plugins/testimonial-maker/,4 total ratings
WP-Strava,https://wordpress.org/plugins/wp-strava/,12 total ratings
Anchor Block,https://wordpress.org/plugins/anchor-block/,7 total ratings
MAZ Loader – Preloader Builder for WordPress,https://wordpress.org/plugins/maz-loader/,23 total ratings
Enhanced AJAX Add to Cart for WooCommerce,https://wordpress.org/plugins/enhanced-ajax-add-to-cart-for-woocommerce/,11 total ratings
Conditional Blocks – Content Visibility Control for Full Site Editing,https://wordpress.org/plugins/conditional-blocks/,13 total ratings
Builder Template Categories – for WordPress Page Builders,https://wordpress.org/plugins/builder-template-categories/,4 total ratings
"Image Optimizer, Resizer and CDN – Sirv",https://wordpress.org/plugins/sirv/,231 total ratings
BookingPress – Appointments Booking Calendar Plugin and Online Scheduling Plugin,https://wordpress.org/plugins/bookingpress-appointment-booking/,30 total ratings
Editor Blocks for Gutenberg,https://wordpress.org/plugins/editor-blocks/,2 total ratings
Product Slider Block for WooCommerce,https://wordpress.org/plugins/woo-product-slider-block/,0 total ratings
Gutenberg Blocks Templates – 50+ Free Gutenberg Block Designs,https://wordpress.org/plugins/design/,7 total ratings
Creative Blocks – Ultimate Blocks for Gutenberg,https://wordpress.org/plugins/creative-blocks/,0 total ratings
WP eBay Product Feeds,https://wordpress.org/plugins/ebay-feeds-for-wordpress/,16 total ratings
Infobox,https://wordpress.org/plugins/infobox/,3 total ratings
Avatar Privacy,https://wordpress.org/plugins/avatar-privacy/,23 total ratings
Advanced Bootstrap Blocks,https://wordpress.org/plugins/advanced-bootstrap-blocks/,13 total ratings
Animated Blocks on Scroll,https://wordpress.org/plugins/animated-blocks/,5 total ratings
Gosign – Gallery box Block,https://wordpress.org/plugins/gosign-gallery-box-block/,1 total ratings
Countdown Block,https://wordpress.org/plugins/wp-countdown-block/,3 total ratings
Gosign – Masonry Post Block,https://wordpress.org/plugins/gosign-masonry-post-block/,14 total ratings
Syntax-highlighting Code Block (with Server-side Rendering),https://wordpress.org/plugins/syntax-highlighting-code-block/,22 total ratings
AinoBlocks – Gutenberg Page Builder Blocks,https://wordpress.org/plugins/aino-blocks/,4 total ratings
Event Management Tickets Booking By Event Monster,https://wordpress.org/plugins/event-monster/,16 total ratings
BigCommerce For WordPress,https://wordpress.org/plugins/bigcommerce/,40 total ratings
Responsive iframe,https://wordpress.org/plugins/responsive-iframe/,3 total ratings
TWST Login Block,https://wordpress.org/plugins/twst-login-block/,0 total ratings
Email Marketing by EmailOctopus,https://wordpress.org/plugins/emailoctopus/,4 total ratings
WP Time Slots Booking Form,https://wordpress.org/plugins/wp-time-slots-booking-form/,29 total ratings
Kona Gallery Block,https://wordpress.org/plugins/kona-instagram-feed-for-gutenberg/,8 total ratings
Responsive Gutenberg Blocks Library,https://wordpress.org/plugins/responsive-block-editor-addons/,3 total ratings
Algori Social Share Buttons,https://wordpress.org/plugins/social-share-buttons-lite/,1 total ratings
Gosign – Posts Slider Block,https://wordpress.org/plugins/gosign-posts-slider-block/,0 total ratings
Easy Maps Block,https://wordpress.org/plugins/easy-maps-block/,0 total ratings
Magical Blocks – Premium Gutenberg Blocks,https://wordpress.org/plugins/magical-blocks/,0 total ratings
Booking Calendar Contact Form,https://wordpress.org/plugins/booking-calendar-contact-form/,32 total ratings
Form Builder CP,https://wordpress.org/plugins/cp-easy-form-builder/,5 total ratings
Sponsors Carousel,https://wordpress.org/plugins/sponsors-carousel/,7 total ratings
Donation Block,https://wordpress.org/plugins/donations-block/,3 total ratings
Elfsight Blocks,https://wordpress.org/plugins/elfsight-blocks/,1 total ratings
Blocks for Eventbrite,https://wordpress.org/plugins/blocks-for-eventbrite/,6 total ratings
OtFm Gutenberg Spoiler – (or FAQ) collapse block,https://wordpress.org/plugins/otfm-gutenberg-spoiler/,5 total ratings
Image Gallery Block,https://wordpress.org/plugins/image-gallery-block/,2 total ratings
Lorem Ipsum Block – Placeholders for everyone,https://wordpress.org/plugins/lorem-ipsum-block/,4 total ratings
Photo Gallery by Ays – Responsive Image Gallery,https://wordpress.org/plugins/gallery-photo-gallery/,11 total ratings
Social Media Feed,https://wordpress.org/plugins/wp-instagram-feed-awplife/,3 total ratings
Gutenberg Blocks – Unlimited blocks For Gutenberg,https://wordpress.org/plugins/unlimited-blocks/,0 total ratings
MathML Block,https://wordpress.org/plugins/mathml-block/,2 total ratings
"WE Blocks – Image, Testimonial And Logo	Slider Gutenberg Blocks",https://wordpress.org/plugins/we-blocks/,9 total ratings
New Posts Block,https://wordpress.org/plugins/new-posts-block/,0 total ratings
GamiPress – Youtube integration,https://wordpress.org/plugins/gamipress-youtube-integration/,1 total ratings
Mighty Pros & Cons,https://wordpress.org/plugins/mighty-pros-cons/,5 total ratings
Toolbelt,https://wordpress.org/plugins/wp-toolbelt/,14 total ratings
Call To Action Customizable Block,https://wordpress.org/plugins/call-to-action-customizable-block/,1 total ratings
Insert Giphy Block,https://wordpress.org/plugins/insert-giphy-block/,0 total ratings
Timeline Blocks for Gutenberg,https://wordpress.org/plugins/timeline-blocks/,5 total ratings
FAQ Block For Gutenberg,https://wordpress.org/plugins/faq-block-for-gutenberg/,5 total ratings
Music Store – WordPress eCommerce,https://wordpress.org/plugins/music-store/,44 total ratings
Simple Code Block,https://wordpress.org/plugins/simple-code-block/,9 total ratings
Simple Definition List Blocks,https://wordpress.org/plugins/simple-definition-list-blocks/,2 total ratings
Gutenberg Blocks – ACF Blocks Suite,https://wordpress.org/plugins/acf-blocks/,12 total ratings
Algori 360 Video,https://wordpress.org/plugins/360-video/,2 total ratings
elink – Embed Content,https://wordpress.org/plugins/elink-embed-content/,3 total ratings
RSVPMaker,https://wordpress.org/plugins/rsvpmaker/,10 total ratings
Slides & Presentations,https://wordpress.org/plugins/slide/,12 total ratings
MyTicket Events,https://wordpress.org/plugins/myticket-events/,10 total ratings
FAQ Builder AYS,https://wordpress.org/plugins/faq-builder-ays/,1 total ratings
FAQ Block,https://wordpress.org/plugins/faq-block/,5 total ratings
myCred – Gutenberg Blocks,https://wordpress.org/plugins/mycred-blocks/,2 total ratings
Post Layouts for Gutenberg,https://wordpress.org/plugins/post-layouts/,3 total ratings
"Countdown and CountUp, WooCommerce Sales Timer",https://wordpress.org/plugins/countdown-wpdevart-extended/,13 total ratings
Easy Digital Downloads – Blocks,https://wordpress.org/plugins/edd-blocks/,1 total ratings
Simple Google Calendar Outlook Events Block Widget,https://wordpress.org/plugins/simple-google-icalendar-widget/,2 total ratings
Animate Blocks,https://wordpress.org/plugins/animate-blocks/,2 total ratings
WP Munich Blocks – Gutenberg Blocks for WordPress,https://wordpress.org/plugins/wp-munich-blocks/,8 total ratings
Magic Block,https://wordpress.org/plugins/magic-block/,10 total ratings
GamiPress – Vimeo integration,https://wordpress.org/plugins/gamipress-vimeo-integration/,2 total ratings
List Last Changes,https://wordpress.org/plugins/list-last-changes/,4 total ratings
Enhanced Blocks – Page Builder Blocks for Gutenberg,https://wordpress.org/plugins/enhanced-blocks/,2 total ratings
WordPress Post Grid Layouts with Pagination – Sogrid,https://wordpress.org/plugins/sogrid/,5 total ratings
Call to Action Block – WPPOOL,https://wordpress.org/plugins/call-to-action-block-wppool/,0 total ratings
Gosign – ReadMore Toggle Text Block,https://wordpress.org/plugins/gosign-readmore-toggle-text-block/,1 total ratings
Event Block,https://wordpress.org/plugins/event/,1 total ratings
p5.js Block,https://wordpress.org/plugins/wp-p5js-block/,4 total ratings
Nelio Compare Images,https://wordpress.org/plugins/nelio-compare-images/,8 total ratings
SV Block for Twitch,https://wordpress.org/plugins/sv-twitch/,1 total ratings
A no-code page builder for beautiful performance-based content,https://wordpress.org/plugins/setka-editor/,18 total ratings
Gosign – Advanced Separator Block,https://wordpress.org/plugins/gosign-advanced-separator-block/,0 total ratings
Custom Call To Action block Plugin,https://wordpress.org/plugins/custom-call-to-action-block/,1 total ratings
Animation Block,https://wordpress.org/plugins/animation-block/,2 total ratings
Easy restaurant menu manager,https://wordpress.org/plugins/easy-pdf-restaurant-menu-upload/,2 total ratings
Gutenberg Blocks and Page Layouts – Attire Blocks,https://wordpress.org/plugins/attire-blocks/,0 total ratings
Block Editor for ManyChat,https://wordpress.org/plugins/block-editor-for-manychat/,0 total ratings
HayyaBuild – The Most Advanced Gutenberg Blocks,https://wordpress.org/plugins/hayyabuild/,6 total ratings
Sell Downloads,https://wordpress.org/plugins/sell-downloads/,21 total ratings
Countdown Timer for WordPress Block Editor,https://wordpress.org/plugins/countdown-timer-block/,2 total ratings
MetaTrader Web Terminal,https://wordpress.org/plugins/metatrader-web-terminal/,2 total ratings
Simple Cookie Control,https://wordpress.org/plugins/simple-cookie-control/,5 total ratings
Schedule Content Block,https://wordpress.org/plugins/schedule-content-block/,3 total ratings
Simple Alert Blocks,https://wordpress.org/plugins/simple-alert-blocks/,2 total ratings
Deligent – Variable Column Blocks,https://wordpress.org/plugins/deligent-variable-block-width/,0 total ratings
Details Summary Block,https://wordpress.org/plugins/details-summary-block/,1 total ratings
Gosign – Simple Teaser Block,https://wordpress.org/plugins/gosign-simple-teaser-block/,0 total ratings
Multipurpose Gutenberg Block,https://wordpress.org/plugins/multipurpose-block/,3 total ratings
A/B Testing for WordPress,https://wordpress.org/plugins/ab-testing-for-wp/,4 total ratings
Recent Posts block,https://wordpress.org/plugins/recent-posts-block/,0 total ratings
Melonpan Block – Container,https://wordpress.org/plugins/melonpan-block-container/,6 total ratings
Tumbili: Mailchimp Signup for Gutenberg,https://wordpress.org/plugins/tumbili-mailchimp-feed-for-gutenberg/,0 total ratings
Create custom forms for WordPress with a smart form plugin for smart businesses – Form builder for WordPress,https://wordpress.org/plugins/abcsubmit/,3 total ratings
Polls CP,https://wordpress.org/plugins/cp-polls/,5 total ratings
Card Block,https://wordpress.org/plugins/card-block/,0 total ratings
Hot Blocks,https://wordpress.org/plugins/hot-blocks/,1 total ratings
Guteblock – Ultimate Gutenberg Blocks Plugin,https://wordpress.org/plugins/guteblock/,4 total ratings
Advanced Posts Blocks,https://wordpress.org/plugins/advanced-posts-blocks/,7 total ratings
Shortcode Preview Block,https://wordpress.org/plugins/shortcode-with-preview-block/,2 total ratings
NHS Blocks,https://wordpress.org/plugins/nhsblocks/,2 total ratings
Cosmic Blocks (40+) Content Editor Blocks Collection,https://wordpress.org/plugins/cosmic-blocks/,4 total ratings
Bokez – WordPress 5 Blocks,https://wordpress.org/plugins/bokez-awesome-gutenberg-blocks/,2 total ratings
Listicles by LezWatch.TV,https://wordpress.org/plugins/listicles/,1 total ratings
Block-a-saurus,https://wordpress.org/plugins/block-a-saurus/,2 total ratings
LSX Blocks,https://wordpress.org/plugins/lsx-blocks/,0 total ratings
Image Slider Blocks,https://wordpress.org/plugins/image-slider-block/,5 total ratings
Child Pages Block,https://wordpress.org/plugins/get-subpages-list/,8 total ratings
Gosign – Accordion Slider Block,https://wordpress.org/plugins/gosign-accordion-slider-block/,5 total ratings
WPlyr Media Block,https://wordpress.org/plugins/wplyr-media-block/,4 total ratings
Gosign – Google Maps Block,https://wordpress.org/plugins/gosign-google-maps-block/,0 total ratings
Profile Card Block,https://wordpress.org/plugins/block-profile-card/,1 total ratings
Gosign – Grid Container Block,https://wordpress.org/plugins/gosign-grid-container-block/,0 total ratings
Charts Blocks for Gutenberg,https://wordpress.org/plugins/charts-blocks/,5 total ratings
My Marginalia,https://wordpress.org/plugins/my-marginalia/,0 total ratings
Alert Box Block – Provide contextual feedback messages.,https://wordpress.org/plugins/alert-box-block/,1 total ratings
ImportDoc Block,https://wordpress.org/plugins/importdoc-block/,0 total ratings
Gosign – Header Image Block,https://wordpress.org/plugins/gosign-header-image-block/,0 total ratings
WPSeed Container Block,https://wordpress.org/plugins/wpseed-container-block/,3 total ratings
Kenzap Timeline,https://wordpress.org/plugins/kenzap-timeline/,0 total ratings
Block Context,https://wordpress.org/plugins/block-context/,1 total ratings
Illustrations Block – 300+ Customizable SVG Images,https://wordpress.org/plugins/illustrations/,5 total ratings
ACE HTML Block,https://wordpress.org/plugins/ace-html-block/,2 total ratings
Notice Block,https://wordpress.org/plugins/notice-block/,0 total ratings
Interactive Promo,https://wordpress.org/plugins/interactive-promo/,0 total ratings
Gosign – Button Block,https://wordpress.org/plugins/gosign-buttonblock/,0 total ratings
Gosign – Vimeo Video Player Block,https://wordpress.org/plugins/gosign-vimeo-video-player-block/,0 total ratings
GutenGeek Free Gutenberg Blocks for WordPress,https://wordpress.org/plugins/gtg-advanced-blocks/,3 total ratings
Ultimate Bootstrap Blocks,https://wordpress.org/plugins/ultimate-bootstrap-blocks/,6 total ratings
Gosign – Notification And Alert Block,https://wordpress.org/plugins/gosign-notification-and-alert-block/,0 total ratings
Blocks for Products,https://wordpress.org/plugins/blocks-for-products/,5 total ratings
Wicked Block Conditions,https://wordpress.org/plugins/wicked-block-conditions/,2 total ratings
K2 Blocks,https://wordpress.org/plugins/k2-blocks/,2 total ratings
Advanced Blocks – WordPress Page Building Blocks,https://wordpress.org/plugins/advanced-blocks/,0 total ratings
Mortgage Calculator,https://wordpress.org/plugins/mortgage/,2 total ratings
ProHotspots Lite – Image Gallery Hotspots,https://wordpress.org/plugins/prohotpoints-gallery/,3 total ratings
Simple Shortcode Block,https://wordpress.org/plugins/simple-shortcode-block/,2 total ratings
Designer Blocks for Block Editor by Weaver,https://wordpress.org/plugins/blocks-by-weaver/,1 total ratings
Payment Form for PayPal Pro,https://wordpress.org/plugins/payment-form-for-paypal-pro/,6 total ratings
Kenzap Steps,https://wordpress.org/plugins/kenzap-steps/,1 total ratings
"ShopConstruct – Product Catalog, Shopping Cart and eCommerce solution for Store",https://wordpress.org/plugins/shopconstruct/,11 total ratings
Gosign – Promo Box Block,https://wordpress.org/plugins/gosign-promo-box-block/,1 total ratings
WP Blocks Hub,https://wordpress.org/plugins/wp-blocks-hub/,3 total ratings
Beauty Box,https://wordpress.org/plugins/beauty-box-block/,0 total ratings
Waves Block,https://wordpress.org/plugins/waves/,3 total ratings
Blocks Kit – Gutenberg Blocks for Freelancers,https://wordpress.org/plugins/blocks-kit/,13 total ratings
Easy Post Embed Code,https://wordpress.org/plugins/easy-post-embed-code/,2 total ratings
The Permalinks Cascade,https://wordpress.org/plugins/the-permalinks-cascade/,0 total ratings
Rad Bootstrap 3 Blocks,https://wordpress.org/plugins/rad-bootstrap-3-blocks/,1 total ratings
Block Collection for You – WP Block Pack,https://wordpress.org/plugins/wp-block-pack/,2 total ratings
Hero Banner Slider,https://wordpress.org/plugins/hero-banner-slider/,0 total ratings
Gecko Blocks,https://wordpress.org/plugins/gecko-blocks/,0 total ratings
Video Block with Ads,https://wordpress.org/plugins/video-block-with-ads/,0 total ratings
Turbocharged Testimonial Block,https://wordpress.org/plugins/turbocharged-testimonial-block/,3 total ratings
Kenzap Stats,https://wordpress.org/plugins/kenzap-stats/,0 total ratings
Custom Accordion Block,https://wordpress.org/plugins/custom-accordion-block/,0 total ratings
WYSIWYG Calculator Block,https://wordpress.org/plugins/wysiwyg-calculator-block/,0 total ratings
Kenzap Pricing,https://wordpress.org/plugins/kenzap-pricing/,0 total ratings
Testimonial Gutenberg Block,https://wordpress.org/plugins/testimonial-block/,2 total ratings
Testimonials Block,https://wordpress.org/plugins/testimonials-block/,0 total ratings
Starscape Block,https://wordpress.org/plugins/starscape/,1 total ratings
Kenzap Features,https://wordpress.org/plugins/kenzap-features/,0 total ratings
Gosign – Post Teaser Block,https://wordpress.org/plugins/gosign-post-teaser-block/,1 total ratings
Kenzap Blog,https://wordpress.org/plugins/kenzap-blog/,0 total ratings
Info Blocks for WooCommerce,https://wordpress.org/plugins/info-blocks-for-woocommerce/,0 total ratings
WordPress HelpDesk & Support Ticket System Plugin – Octrace Support,https://wordpress.org/plugins/octrace-support/,2 total ratings
Buttons for Gutenberg,https://wordpress.org/plugins/fd-buttons-gutenberg/,1 total ratings
startpage,https://wordpress.org/plugins/startpage/,0 total ratings
Max width container,https://wordpress.org/plugins/maximum-width-container/,1 total ratings
Clapback,https://wordpress.org/plugins/clapback/,0 total ratings
Guten-bubble,https://wordpress.org/plugins/guten-bubble/,1 total ratings
Booking System Calendar,https://wordpress.org/plugins/kenzap-calendar/,2 total ratings
Dispensary Blocks,https://wordpress.org/plugins/dispensary-blocks/,0 total ratings
Schedule Revisions,https://wordpress.org/plugins/schedule-revisions/,0 total ratings
Qroko Blocks,https://wordpress.org/plugins/qroko-blocks/,0 total ratings
Lyrics,https://wordpress.org/plugins/lyrics-block/,0 total ratings
Player with Playlist Block for WordPress Editor,https://wordpress.org/plugins/video-playlist-lite/,0 total ratings
DynaMaker CAD Configurator Integration,https://wordpress.org/plugins/dynamaker-cad-configurator-integration/,0 total ratings
QuestionPro Surveys,https://wordpress.org/plugins/questionpro-surveys/,0 total ratings
Double Image for Gutenberg,https://wordpress.org/plugins/double-image/,2 total ratings
WordPress Essential Blocks,https://wordpress.org/plugins/wp-essential-blocks/,1 total ratings
Nelio Maps,https://wordpress.org/plugins/nelio-maps/,0 total ratings
Custom Blocks Templates,https://wordpress.org/plugins/custom-blocks-templates/,2 total ratings
Woocommerce Blocks – Woolook,https://wordpress.org/plugins/woolook/,0 total ratings
Video Popup Block,https://wordpress.org/plugins/video-popup-block/,1 total ratings
Boxer Block,https://wordpress.org/plugins/boxer-block/,1 total ratings
China Video Block,https://wordpress.org/plugins/china-video-block/,1 total ratings
Gecko Grid Layout,https://wordpress.org/plugins/gecko-grid-layout/,0 total ratings
Melonpan Block – Code,https://wordpress.org/plugins/melonpan-block-code/,0 total ratings
Pricing Tables Block,https://wordpress.org/plugins/pricing-tables-block/,0 total ratings
Marcus Hiles Wistia Shortcodes,https://wordpress.org/plugins/marcus-hiles-wistia-shortcodes/,0 total ratings
Social Media Block,https://wordpress.org/plugins/social-media-block/,2 total ratings
Random,https://wordpress.org/plugins/random-block/,0 total ratings
Average Travel Costs,https://wordpress.org/plugins/average-travel-costs/,0 total ratings
OtFm Countdown to New Year block,https://wordpress.org/plugins/otfm-countdown-to-new-year-block/,0 total ratings
Info Blocks,https://wordpress.org/plugins/info-blocks/,1 total ratings
Power Blocks – Powerful and Feature Rich Blocks for Gutenberg,https://wordpress.org/plugins/power-blocks/,2 total ratings
Chatterbox,https://wordpress.org/plugins/chatterbox/,1 total ratings
Posts List Block,https://wordpress.org/plugins/posts-list-block/,0 total ratings
Easy Blocks pro,https://wordpress.org/plugins/easy-blocks-pro/,1 total ratings
Blockbuddy,https://wordpress.org/plugins/blockbuddy/,0 total ratings
Syntax Highlighting – Honey Code,https://wordpress.org/plugins/honey-code/,0 total ratings
WP Google Places Reviews,https://wordpress.org/plugins/wp-google-places-reviews/,0 total ratings
RSVPMaker for Toastmasters,https://wordpress.org/plugins/rsvpmaker-for-toastmasters/,1 total ratings
Heading Block Font Color,https://wordpress.org/plugins/heading-block-font-color/,0 total ratings
"Blocks for Documents, Articles and FAQs",https://wordpress.org/plugins/blocks-for-documents-articles-and-faqs/,0 total ratings
Easy Blocks – Gutenberg Blocks Collection,https://wordpress.org/plugins/easy-blocks/,0 total ratings
Recipe Blocks,https://wordpress.org/plugins/recipe-blocks/,0 total ratings
Gutenberg Slider Blocks – Candy Slider,https://wordpress.org/plugins/candy-slider/,1 total ratings
Simple Block Gallery,https://wordpress.org/plugins/simple-block-gallery/,0 total ratings
Besan Block,https://wordpress.org/plugins/besan-block/,0 total ratings
GutenIpsum,https://wordpress.org/plugins/gutenipsum/,2 total ratings
Cart Products for WordPress,https://wordpress.org/plugins/cart-products-for-woocommerce/,0 total ratings
Simple Block Gallery,https://wordpress.org/plugins/simple-block-gallery/,0 total ratings
Besan Block,https://wordpress.org/plugins/besan-block/,0 total ratings
GutenIpsum,https://wordpress.org/plugins/gutenipsum/,2 total ratings
Cart Products for WordPress,https://wordpress.org/plugins/cart-products-for-woocommerce/,0 total ratings
Open Orphanage,https://wordpress.org/plugins/open-orphanage/,0 total ratings
Testimonial Blocks,https://wordpress.org/plugins/testimonial-blocks/,0 total ratings
Blocks Post Grid,https://wordpress.org/plugins/blocks-post-grid/,0 total ratings
Gecko Section,https://wordpress.org/plugins/gecko-section/,0 total ratings
Team Members Blocks,https://wordpress.org/plugins/team-members-blocks/,1 total ratings
LezWatch.TV News and Information,https://wordpress.org/plugins/lezwatchtv/,0 total ratings
Progress Bar Block,https://wordpress.org/plugins/progress-bar-block/,0 total ratings
mowomo Google Reviews,https://wordpress.org/plugins/mowomo-google-reviews/,0 total ratings
Social Gallery Block,https://wordpress.org/plugins/social-gallery-block/,1 total ratings
Ever Blocks,https://wordpress.org/plugins/ever-blocks/,0 total ratings
Canvas Portfolio,https://wordpress.org/plugins/canvas-portfolio/,0 total ratings
Gutenberg Blocks – FireBlocks,https://wordpress.org/plugins/fireblocks/,0 total ratings
Code Snippet Beautifier,https://wordpress.org/plugins/wplp-code-snippet/,0 total ratings
Catenis Blocks,https://wordpress.org/plugins/catenis-blocks/,0 total ratings
Builder Blocks,https://wordpress.org/plugins/builder-blocks/,0 total ratings
Nested Posts by CurateWP,https://wordpress.org/plugins/curatewp-nested-posts/,0 total ratings
affiliate-amazon-block(aab),https://wordpress.org/plugins/affiliate-amazon-blockaab/,0 total ratings
User Blocks,https://wordpress.org/plugins/user-blocks/,0 total ratings
UniCard,https://wordpress.org/plugins/unicard/,0 total ratings
FF Block Advanced Columns,https://wordpress.org/plugins/ff-block-advanced-columns/,0 total ratings
Artoon Imagebox Block,https://wordpress.org/plugins/artoon-imagebox-block/,0 total ratings
Advanced Archive Blocks,https://wordpress.org/plugins/advanced-archive-blocks/,1 total ratings
gitblock,https://wordpress.org/plugins/gitblock/,0 total ratings
Payment Forms CustomBlock,https://wordpress.org/plugins/payment-forms-customblock/,2 total ratings
Popups by Embedery – A Modern WordPress Popup Plugin,https://wordpress.org/plugins/embedery-integrate/,0 total ratings
HeBo Logo Slider Gutenberg Block,https://wordpress.org/plugins/hebo-logo-slider-block/,0 total ratings
Melonpan Block – Post List,https://wordpress.org/plugins/melonpan-block-post-list/,0 total ratings
Team Members Blocks,https://wordpress.org/plugins/team-members-blocks/,1 total ratings
LezWatch.TV News and Information,https://wordpress.org/plugins/lezwatchtv/,0 total ratings
Progress Bar Block,https://wordpress.org/plugins/progress-bar-block/,0 total ratings
mowomo Google Reviews,https://wordpress.org/plugins/mowomo-google-reviews/,0 total ratings
Social Gallery Block,https://wordpress.org/plugins/social-gallery-block/,1 total ratings
Ever Blocks,https://wordpress.org/plugins/ever-blocks/,0 total ratings
Canvas Portfolio,https://wordpress.org/plugins/canvas-portfolio/,0 total ratings
Gutenberg Blocks – FireBlocks,https://wordpress.org/plugins/fireblocks/,0 total ratings
Code Snippet Beautifier,https://wordpress.org/plugins/wplp-code-snippet/,0 total ratings
Catenis Blocks,https://wordpress.org/plugins/catenis-blocks/,0 total ratings
Builder Blocks,https://wordpress.org/plugins/builder-blocks/,0 total ratings
Nested Posts by CurateWP,https://wordpress.org/plugins/curatewp-nested-posts/,0 total ratings
Anything Block,https://wordpress.org/plugins/anything-block/,0 total ratings
Awesome Alert Blocks,https://wordpress.org/plugins/awesome-alert-blocks/,0 total ratings
Draggable Images Block,https://wordpress.org/plugins/draggable-images-block/,0 total ratings
